{
    "Items": [
        {
            "chName": "Pea",
            "statIncrease": [
                1.0,
                1.0,
                2.0,
                3.0,
                4.0
            ],
            "currentLevel": 0,
            "kind": 0
        },
        {
            "chName": "Gas",
            "statIncrease": [
                1.0,
                1.100000023841858,
                2.0999999046325685,
                3.0999999046325685,
                4.099999904632568
            ],
            "currentLevel": 0,
            "kind": 2
        },
        {
            "chName": "Sun",
            "statIncrease": [
                1.0,
                1.2000000476837159,
                2.200000047683716,
                3.200000047683716,
                4.199999809265137
            ],
            "currentLevel": 0,
            "kind": 1
        }
    ]
}